{
    "resblock": "1",
    "num_gpus": 8,
    "batch_size": 64,
    "learning_rate": 0.0002,
    "adam_b1": 0.5,
    "adam_b2": 0.9,
    "lr_decay": 0.98,
    "seed": 1234,

    "upsample_rates": [8,5,4,2],
    "upsample_kernel_sizes": [16,11,8,4],
    "upsample_initial_channel": 512,
    "resblock_kernel_sizes": [3,7,11],
    "resblock_dilation_sizes": [[1,3,5], [1,3,5], [1,3,5]],

    "segment_size": 16000,
    "num_mels": 80,
    "num_freq": 1025,
    "n_fft": 1024,
    "hop_size": 200,
    "win_size": 800,

    "sampling_rate": 16000,

    "n_code_groups": 2,
    "n_codes": 1024,
    "codebook_loss_lambda": 1.0,
    "commitment_loss_lambda": 0.25,

    "fmin": 0,
    "fmax": 8000,
    "fmax_for_loss": null,

    "num_workers": 12,

    "dist_config": {
        "dist_backend": "nccl",
        "dist_url": "tcp://localhost:54321",
        "world_size": 1
    }
}
